"Data","Dependencia Origem","Histórico","Data do Balancete","Número do documento","Valor",
"23/10/2025","","Saldo Anterior","","0","962.17",
"03/11/2025","","Pix - Recebido - 03/11 16:54 00003766666924 DANILO EDSO","","31654096502842","7836.60",
"03/11/2025","","Pix - Recebido - 03/11 17:12 00075607484149 CAIO RIBEIR","","31712181836302","6777.60",
"03/11/2025","","Pix - Recebido - 03/11 17:20 00006172655930 GUILHERME L","","31720304552762","17685.30",
"03/11/2025","","Pix - Recebido - 03/11 18:56 00004915480950 VINICIUS SA","","31856386459312","24992.40",
"03/11/2025","","Pix - Recebido - 03/11 19:19 06219147979 GUILHERME ANTU","","31919579260831","7201.20",
"03/11/2025","","Pix - Recebido - 03/11 19:20 87679043949 Marcos Luciano","","31920243881831","9954.60",
"03/11/2025","","Pix - Recebido - 03/11 19:24 00018223527898 EMERSON FER","","31924472538052","5824.50",
"04/11/2025","","Pix - Recebido - 04/11 06:02 03502807205 Kelvyn de Assu","","40602564767311","9107.40",
"04/11/2025","","Pix - Recebido - 04/11 08:11 87525160910 APARECIDA DOMI","","40811543269051","8789.70",
"04/11/2025","","Pix - Recebido - 04/11 09:21 00006572682919 ELEANDRO AL","","40921017059842","10695.90",
"04/11/2025","","Pix - Recebido - 04/11 09:34 00003276682885 RICARDO HEN","","40934318574672","36323.70",
"04/11/2025","","Pix - Recebido - 04/11 09:36 05402327939 Paulo Sérgio T","","40936250790961","14826.00",
"04/11/2025","","Pix - Recebido - 04/11 10:38 03864009979 GERSON SATURNI","","41038196171551","29757.90",
"04/11/2025","","Pix - Recebido - 04/11 11:54 00035730130821 KARINA BATA","","41154214255852","8657.33",
"04/11/2025","","Pix - Recebido - 04/11 13:04 00009062366902 MANOLO BRUN","","41304124561742","5718.60",
"04/11/2025","","Pix - Recebido - 04/11 13:14 00008700525944 WESLEY SANT","","41314474959322","51361.50",
"04/11/2025","","Pix - Recebido - 04/11 13:57 06987510946 John Lennon Ko","","41357546159461","6989.40",
"04/11/2025","","Pix - Recebido - 04/11 14:09 00004010813970 CLAUDEMIR A","","41409362388152","10378.20",
"04/11/2025","","Pix - Recebido - 04/11 14:25 14255131821 HENRIQUE C SIL","","41425541031961","4553.70",
"04/11/2025","","Pix - Recebido - 04/11 14:30 72648708987 FRANCISCA SPOR","","41430566412541","7095.30",
"04/11/2025","","Pix - Recebido - 04/11 14:59 24072524972 IVO ARCENO","","41459000840581","18426.60",
"04/11/2025","","Pix - Recebido - 04/11 15:16 07879996605 THIAGO LELLYS","","41516314016771","13872.90",
"04/11/2025","","Pix - Recebido - 04/11 15:16 05883125921 DOUGLAS SILVER","","41516556469121","2647.50",
"04/11/2025","","Pix - Recebido - 04/11 16:28 00014511181985 JOAO VICTOR","","41628271338222","15567.30",
"04/11/2025","","Pix - Recebido - 04/11 16:50 05116004104 Breure Eugênio","","41650379582311","12708.00",
"04/11/2025","","Pix - Recebido - 04/11 19:06 05628634948 Paulo Ricardo","","41906537914161","7413.00",
"05/11/2025","","Pix - Recebido - 05/11 06:19 04091856985 ELISTEIN PAULI","","50619331415291","10166.40",
"05/11/2025","","Pix - Recebido - 05/11 07:19 00021246183854 MARCOS EDUA","","50719252455722","13025.70",
"05/11/2025","","Pix - Recebido - 05/11 08:08 05116004104 Breure Eugênio","","50808081035931","9954.60",
"05/11/2025","","Pix - Recebido - 05/11 08:54 38733579920 JERSON GARCIA","","50854055415131","2859.30",
"05/11/2025","","Pix - Recebido - 05/11 09:05 00011062342941 ERICK PADIL","","50905492088262","24568.80",
"05/11/2025","","Pix - Recebido - 05/11 09:33 03515461973 REGINALDO LOPE","","50933133508421","28593.00",
"05/11/2025","","Pix - Recebido - 05/11 09:58 07289036956 RAFAEL DE MELL","","50958005848991","5612.70",
"05/11/2025","","Pix - Recebido - 05/11 11:47 00006554398970 ANDERSON XA","","51147018859072","83237.40",
"05/11/2025","","Pix - Recebido - 05/11 13:15 04002765938 HELTON MANOEL","","51315138899001","23403.90",
"05/11/2025","","Pix - Recebido - 05/11 14:00 61070440000100 MOTO LOCADA","","51400174356232","11331.30",
"05/11/2025","","Pix - Recebido - 05/11 14:49 00004197687931 PAULO CESAR","","51449014916932","30000.00",
"05/11/2025","","Pix - Recebido - 05/11 15:09 00007044034985 DIEGO DA RO","","51509476071512","14296.50",
"05/11/2025","","Pix - Recebido - 05/11 15:51 22868279000162 MAYCON RODR","","51551199468911","2280.00",
"05/11/2025","","Pix - Recebido - 05/11 16:43 11454403985 Eduardo Lopes","","51643376971601","6384.00",
"05/11/2025","","Pix - Recebido - 05/11 17:08 24127627000176 DIEGO HENRI","","51708149798411","20332.80",
"05/11/2025","","Pix - Recebido - 05/11 18:59 00007236025909 WELLINGTON","","51859366966582","33146.70",
"06/11/2025","","TED-Crédito em Conta - 104 0406    55325190997 LENIRA P DE OL","","35024754","13978.80",
"06/11/2025","","Transferido da poupança - 06/11 12:20 ADRIANO RODRIGUES SOUZA","","5000510040543","36323.70",
"06/11/2025","","Pix - Recebido - 06/11 06:06 04197687931 PAULO CESAR PR","","60606128614931","30000.00",
"06/11/2025","","Pix - Recebido - 06/11 09:57 26529374000192 KAYLANE C C","","60957553223371","12072.60",
"06/11/2025","","Pix - Recebido - 06/11 10:06 55780278000110 RENOVE PECA","","61006008693562","15143.70",
"06/11/2025","","Pix - Recebido - 06/11 10:14 46458859000140 DMAIS AUTO","","61014169766012","1694.40",
"06/11/2025","","Pix - Recebido - 06/11 11:13 85487940000100 JOSIAS ROSA","","61113220625832","10166.40",
"06/11/2025","","Pix - Recebido - 06/11 12:24 23946005000107 CORREA COME","","61224016380601","67458.30",
"06/11/2025","","Pix - Recebido - 06/11 13:17 54037048000101 CURITIBA MO","","61317498731041","71376.60",
"06/11/2025","","Pix - Recebido - 06/11 14:20 08828842989 Erick Bruno Pa","","61420555679221","18108.90",
"06/11/2025","","Pix - Recebido - 06/11 14:35 19811788000144 ZAVAN AUTO","","61435154062472","11754.90",
"06/11/2025","","Pix - Recebido - 06/11 15:05 52366146000159 RP AUTO PAR","","61505337634272","18108.90",
"06/11/2025","","Pix - Recebido - 06/11 15:19 50810099000165 ARIZONA AUT","","61519103240922","1482.60",
"06/11/2025","","Pix - Recebido - 06/11 18:41 46111160000109 CASA GM AUT","","61841548629661","1680.00",
"06/11/2025","","Transferência recebida - 06/11 10:20 JARINA MUNIZ NASCIMENTO","","143300000063573","5490.00",
"07/11/2025","","Pix - Recebido - 07/11 08:01 00004197687931 PAULO CESAR","","70801104341522","4493.10",
"07/11/2025","","Pix - Recebido - 07/11 10:00 26302694850 Jose da Silva","","71000123215771","8683.88",
"07/11/2025","","Pix - Recebido - 07/11 10:24 23083639830 CARLOS SERGIO","","71024247602471","4871.40",
"07/11/2025","","Pix - Recebido - 07/11 10:59 41878381806 Herbert de Sou","","71059571748701","15000.00",
"07/11/2025","","Pix - Recebido - 07/11 11:03 40835395000167 HSS COMERCI","","71103296903431","5121.00",
"07/11/2025","","Pix - Recebido - 07/11 14:31 18290446000163 Volkscania","","71431031650391","47549.10",
"07/11/2025","","Pix - Recebido - 07/11 17:35 24455460000172 E S Negri C","","71735045433441","32829.00",
"07/11/2025","","Pix - Recebido - 07/11 18:03 31263493000186 VK COMERCIO","","71803554625651","1.00",
"07/11/2025","","Pix - Recebido - 07/11 18:07 31263493000186 VK COMERCIO","","71807504279282","43206.20",
"10/11/2025","","TED-Crédito em Conta - 085 0101    97715123900 GEMERSON ANTON","","34823753","8975.03",
"10/11/2025","","Pix - Recebido - 10/11 10:24 42215945000170 LUIZ V MAZE","","101024333303882","36429.60",
"10/11/2025","","Pix - Recebido - 10/11 14:04 24941790000178 Zanolla E Z","","101404274519811","3177.00",
"10/11/2025","","Pix - Recebido - 10/11 16:56 00003404418107 WESLEY RODR","","101656447721612","17473.50",
"10/11/2025","","Pix - Recebido - 10/11 16:57 10664904000175 S O S COMER","","101657396702201","60420.00",
"10/11/2025","218-6","Transferência enviada - 10/11 14:26 CARVALHO ENG GESTAO LTDA","","520218000027097","-94800.00",
"10/11/2025","218-6","Transferência enviada - 10/11 14:27 LAZARO FERNANDO CARVALHO","","520218000029063","-50000.00",
"10/11/2025","","Aplicação BB CDB DI","","1010063675719","-1000000.00",
"10/11/2025","","Tarifa Pacote de Serviços - Cobrança referente 10/11/2025","","833141102355600","-27.80",
"11/11/2025","","Pix - Recebido - 11/11 09:02 11667010000100 JOSE ANTONI","","110902391807731","13449.30",
"11/11/2025","","Pagamento de Impostos - GOV. PARANA-SEFA - GR-PR","","111101","-38.70",
"11/11/2025","","Pagamento de Impostos - GOV. PARANA-SEFA - GR-PR","","111102","-27.90",
"11/11/2025","","Pagamento de Impostos - GOV. PARANA-SEFA - GR-PR","","111103","-19.80",
"11/11/2025","","Pagamento de Impostos - GOV. PARANA-SEFA - GR-PR","","111104","-54.90",
"11/11/2025","","Pagamento de Impostos - GOV. PARANA-SEFA - GR-PR","","111105","-40.50",
"11/11/2025","","Pagamento de Impostos - GOV. PARANA-SEFA - GR-PR","","111106","-48.60",
"11/11/2025","","Pagamento de Impostos - GOV. PARANA-SEFA - GR-PR","","111107","-162.00",
"11/11/2025","","Pagamento de Impostos - GOV. PARANA-SEFA - GR-PR","","111108","-47.70",
"11/11/2025","","Pagamento de Impostos - GOV. PARANA-SEFA - GR-PR","","111109","-27.00",
"11/11/2025","","Pagamento de Impostos - GOV. PARANA-SEFA - GR-PR","","111110","-45.90",
"11/11/2025","","Pagamento de Impostos - GOV. PARANA-SEFA - GR-PR","","111111","-63.00",
"11/11/2025","","Pagamento de Impostos - GOV. PARANA-SEFA - GR-PR","","111112","-40.50",
"11/11/2025","","Pagamento de Impostos - GOV. PARANA-SEFA - GR-PR","","111113","-70.20",
"11/11/2025","","Pagamento de Impostos - GOV. PARANA-SEFA - GR-PR","","111114","-19.80",
"11/11/2025","","Pagamento de Impostos - GOV. PARANA-SEFA - GR-PR","","111115","-65.70",
"11/11/2025","","Pagamento de Impostos - GOV. PARANA-SEFA - GR-PR","","111116","-72.90",
"11/11/2025","","Pagamento de Impostos - GOV. PARANA-SEFA - GR-PR","","111117","-20.70",
"11/11/2025","","Pagamento de Impostos - GOV. PARANA-SEFA - GR-PR","","111118","-66.60",
"11/11/2025","","Pagamento de Impostos - GOV. PARANA-SEFA - GR-PR","","111119","-24.30",
"11/11/2025","","Pagamento de Impostos - GOV. PARANA-SEFA - GR-PR","","111120","-41.40",
"11/11/2025","","Pagamento de Impostos - GOV. PARANA-SEFA - GR-PR","","111121","-49.50",
"11/11/2025","","Pagamento de Impostos - GOV. PARANA-SEFA - GR-PR","","111122","-22.50",
"11/11/2025","","Pagamento de Impostos - GOV. PARANA-SEFA - GR-PR","","111123","-63.90",
"11/11/2025","","Pagamento de Impostos - GOV. PARANA-SEFA - GR-PR","","111124","-7.20",
"11/11/2025","","Pagamento de Impostos - GOV. PARANA-SEFA - GR-PR","","111125","-66.60",
"11/11/2025","","Pagamento de Impostos - GOV. PARANA-SEFA - GR-PR","","111126","-67.50",
"11/11/2025","","Pagamento de Impostos - GOV. PARANA-SEFA - GR-PR","","111127","-39.60",
"11/11/2025","","Pagamento de Impostos - GOV. PARANA-SEFA - GR-PR","","111128","-22.50",
"11/11/2025","","Pagamento de Impostos - GOV. PARANA-SEFA - GR-PR","","111129","-35.10",
"11/11/2025","","Pagamento de Impostos - GOV. PARANA-SEFA - GR-PR","","111130","-73.80",
"11/11/2025","","Pagamento de Impostos - GOV. PARANA-SEFA - GR-PR","","111131","-45.00",
"11/11/2025","","Pagamento de Impostos - GOV. PARANA-SEFA - GR-PR","","111132","-126.90",
"11/11/2025","","Pagamento de Impostos - GOV. PARANA-SEFA - GR-PR","","111133","-154.80",
"11/11/2025","","Pagamento de Impostos - GOV. PARANA-SEFA - GR-PR","","111134","-57.60",
"11/11/2025","","Pagamento de Impostos - GOV. PARANA-SEFA - GR-PR","","111135","-56.70",
"11/11/2025","","Pagamento de Impostos - GOV. PARANA-SEFA - GR-PR","","111136","-81.00",
"11/11/2025","","Pagamento de Impostos - GOV. PARANA-SEFA - GR-PR","","111137","-40.50",
"11/11/2025","","Pagamento de Impostos - GOV. PARANA-SEFA - GR-PR","","111138","-47.70",
"11/11/2025","","Pagamento de Impostos - GOV. PARANA-SEFA - GR-PR","","111139","-62.10",
"11/11/2025","","Pagamento de Impostos - GOV. PARANA-SEFA - GR-PR","","111140","-58.50",
"11/11/2025","","Pagamento de Impostos - GOV. PARANA-SEFA - GR-PR","","111141","-80.10",
"11/11/2025","","Pagamento de Impostos - GOV. PARANA-SEFA - GR-PR","","111142","-150.30",
"11/11/2025","","Pagamento de Impostos - GOV. PARANA-SEFA - GR-PR","","111143","-126.00",
"11/11/2025","","Pagamento de Impostos - GOV. PARANA-SEFA - GR-PR","","111144","-121.50",
"11/11/2025","","Pagamento de Impostos - GOV. PARANA-SEFA - GR-PR","","111145","-175.50",
"11/11/2025","","Pagamento de Impostos - GOV. PARANA-SEFA - GR-PR","","111146","-153.90",
"11/11/2025","","Pagamento de Impostos - GOV. PARANA-SEFA - GR-PR","","111147","-333.00",
"11/11/2025","","Pagamento de Impostos - GOV. PARANA-SEFA - GR-PR","","111148","-61.20",
"11/11/2025","","Pagamento de Impostos - GOV. PARANA-SEFA - GR-PR","","111149","-149.40",
"11/11/2025","","Pagamento de Impostos - GOV. PARANA-SEFA - GR-PR","","111150","-198.90",
"11/11/2025","","Pagamento de Impostos - GOV. PARANA-SEFA - GR-PR","","111151","-126.00",
"11/11/2025","","Pagamento de Impostos - GOV. PARANA-SEFA - GR-PR","","111152","-215.10",
"12/11/2025","","Pagamento de Impostos - GOV. PARANA-SEFA - GR-PR","","111201","-66.60",
"12/11/2025","","Pagamento de Impostos - GOV. PARANA-SEFA - GR-PR","","111202","-182.70",
"12/11/2025","","Pagamento de Impostos - GOV. PARANA-SEFA - GR-PR","","111203","-126.90",
"12/11/2025","","Pagamento de Impostos - GOV. PARANA-SEFA - GR-PR","","111204","-59.40",
"12/11/2025","","Pagamento de Impostos - GOV. PARANA-SEFA - GR-PR","","111205","-72.00",
"12/11/2025","","Pagamento de Impostos - GOV. PARANA-SEFA - GR-PR","","111206","-310.50",
"12/11/2025","","Pagamento de Impostos - GOV. PARANA-SEFA - GR-PR","","111207","-90.90",
"12/11/2025","","Pagamento de Impostos - GOV. PARANA-SEFA - GR-PR","","111208","-232.20",
"12/11/2025","","Pagamento de Impostos - GOV. PARANA-SEFA - GR-PR","","111209","-81.00",
"12/11/2025","","Pagamento de Impostos - GOV. PARANA-SEFA - GR-PR","","111210","-84.60",
"12/11/2025","","Pagamento de Impostos - GOV. PARANA-SEFA - GR-PR","","111211","-77.40",
"12/11/2025","","Pagamento de Impostos - GOV. PARANA-SEFA - GR-PR","","111212","-70.20",
"12/11/2025","","Pagamento de Impostos - GOV. PARANA-SEFA - GR-PR","","111213","-74.70",
"12/11/2025","","Pagamento de Impostos - GOV. PARANA-SEFA - GR-PR","","111214","-73.80",
"12/11/2025","","Pagamento de Impostos - GOV. PARANA-SEFA - GR-PR","","111215","-117.90",
"12/11/2025","","Pagamento de Impostos - GOV. PARANA-SEFA - GR-PR","","111216","-76.28",
"12/11/2025","","Pagamento de Impostos - GOV. PARANA-SEFA - GR-PR","","111217","-59.40",
"12/11/2025","","Pagamento de Impostos - GOV. PARANA-SEFA - GR-PR","","111218","-73.58",
"12/11/2025","","Pagamento de Impostos - GOV. PARANA-SEFA - GR-PR","","111219","-90.00",
"12/11/2025","","Pagamento de Impostos - GOV. PARANA-SEFA - GR-PR","","111220","-88.20",
"12/11/2025","","Pagamento de Impostos - GOV. PARANA-SEFA - GR-PR","","111221","-108.00",
"12/11/2025","","Pagamento de Impostos - GOV. PARANA-SEFA - GR-PR","","111222","-84.60",
"12/11/2025","","Pagamento de Impostos - GOV. PARANA-SEFA - GR-PR","","111223","-96.30",
"13/11/2025","","Pagamento de Impostos - GOV. PARANA-SEFA - GR-PR","","111301","-864.09",
"13/11/2025","","Pagamento de Impostos - GOV. PARANA-SEFA - GR-PR","","111302","-1201.09",
"13/11/2025","","Pagamento de Impostos - GOV. PARANA-SEFA - GR-PR","","111303","-1138.99",
"13/11/2025","","Pagamento de Impostos - GOV. PARANA-SEFA - GR-PR","","111304","-1382.25",
"13/11/2025","","Pagamento de Impostos - GOV. PARANA-SEFA - GR-PR","","111305","-1267.56",
"13/11/2025","","Pagamento de Impostos - GOV. PARANA-SEFA - GR-PR","","111306","-1193.65",
"13/11/2025","","Pagamento de Impostos - GOV. PARANA-SEFA - GR-PR","","111307","-1211.67",
"13/11/2025","","Pagamento de Impostos - GOV. PARANA-SEFA - GR-PR","","111308","-1485.90",
"13/11/2025","","Pagamento de Impostos - GOV. PARANA-SEFA - GR-PR","","111309","-1312.87",
"13/11/2025","","Pagamento de Impostos - GOV. PARANA-SEFA - GR-PR","","111310","-1236.98",
"13/11/2025","","Pagamento de Impostos - GOV. PARANA-SEFA - GR-PR","","111311","-1536.42",
"13/11/2025","","Pagamento de Impostos - GOV. PARANA-SEFA - GR-PR","","111312","-1433.19",
"13/11/2025","","Pagamento de Impostos - GOV. PARANA-SEFA - GR-PR","","111313","-1710.01",
"14/11/2025","","Pix - Enviado - 14/11 15:52 LAZARO FERNANDO DE CARVAL","","111401","-50000.00",
"14/11/2025","","Pix - Enviado - 14/11 16:25 NICOLLAS JORGE OLIVEIRA S","","111402","-1620.00",
"17/11/2025","","Pix - Recebido - 17/11 14:53 22262998825 ADAMO RAIER NE","","171453466021161","2600.00",
"17/11/2025","","Pix - Recebido - 17/11 14:57 22262998825 ADAMO RAIER NE","","171457014341501","0.10",
"17/11/2025","","Pix - Recebido - 17/11 17:25 40346368820 Isabela Santia","","171725247621351","6065.10",
"17/11/2025","","Pagamento de Impostos - DETRAN PR","","111700","-314.32",
"17/11/2025","","Pagamento de Impostos - GOV. PARANA-SEFA - GR-PR","","111701","-1928.71",
"17/11/2025","","Pagamento de Impostos - DETRAN PR","","111701","-248.91",
"17/11/2025","","Pagamento de Impostos - GOV. PARANA-SEFA - GR-PR","","111702","-2319.04",
"17/11/2025","","Pagamento de Impostos - DETRAN PR","","111702","-200.04",
"17/11/2025","","Pagamento de Impostos - GOV. PARANA-SEFA - GR-PR","","111703","-1653.32",
"17/11/2025","","Pagamento de Impostos - DETRAN PR","","111703","-296.40",
"17/11/2025","","Pagamento de Impostos - GOV. PARANA-SEFA - GR-PR","","111704","-1564.91",
"17/11/2025","","Pagamento de Impostos - DETRAN PR","","111704","-161.90",
"17/11/2025","","Pagamento de Impostos - GOV. PARANA-SEFA - GR-PR","","111705","-1229.70",
"17/11/2025","","Pagamento de Impostos - DETRAN PR","","111705","-161.90",
"17/11/2025","","Pagamento de Impostos - GOV. PARANA-SEFA - GR-PR","","111706","-2189.80",
"17/11/2025","","Pagamento de Impostos - DETRAN PR","","111706","-163.20",
"17/11/2025","","Pagamento de Impostos - GOV. PARANA-SEFA - GR-PR","","111707","-1647.85",
"17/11/2025","","Pagamento de Impostos - DETRAN PR","","111707","-163.20",
"17/11/2025","","Pagamento de Impostos - GOV. PARANA-SEFA - GR-PR","","111708","-1235.31",
"17/11/2025","","Pagamento de Impostos - DETRAN PR","","111708","-163.20",
"17/11/2025","","Pagamento de Impostos - GOV. PARANA-SEFA - GR-PR","","111709","-1156.39",
"17/11/2025","","Pagamento de Impostos - DETRAN PR","","111709","-164.47",
"17/11/2025","","Pagamento de Impostos - GOV. PARANA-SEFA - GR-PR","","111710","-3099.04",
"17/11/2025","","Pagamento de Impostos - DETRAN PR","","111710","-164.47",
"17/11/2025","","Pagamento de Impostos - GOV. PARANA-SEFA - GR-PR","","111711","-864.09",
"17/11/2025","","Pagamento de Impostos - DETRAN PR","","111712","-148.27",
"17/11/2025","","Pagamento de Impostos - DETRAN PR","","111713","-323.40",
"17/11/2025","","Pagamento de Impostos - DETRAN PR","","111714","-334.32",
"17/11/2025","","Pagamento de Impostos - DETRAN PR","","111715","-273.88",
"17/11/2025","","Pagamento de Impostos - DETRAN PR","","111716","-165.95",
"17/11/2025","","Pagamento de Impostos - DETRAN PR","","111717","-161.90",
"17/11/2025","","Pagamento de Impostos - DETRAN PR","","111718","-159.55",
"17/11/2025","","Pagamento de Impostos - DETRAN PR","","111719","-339.51",
"17/11/2025","","Pagamento de Impostos - DETRAN PR","","111720","-306.35",
"17/11/2025","","Pagamento de Impostos - DETRAN PR","","111721","-293.39",
"17/11/2025","","Pagamento de Impostos - DETRAN PR","","111722","-206.23",
"17/11/2025","","Pagamento de Impostos - DETRAN PR","","111723","-152.89",
"17/11/2025","","Pagamento de Impostos - DETRAN PR","","111724","-314.13",
"17/11/2025","","Pagamento de Impostos - DETRAN PR","","111725","-314.13",
"17/11/2025","","Pagamento de Impostos - DETRAN PR","","111726","-163.20",
"17/11/2025","","Pagamento de Impostos - DETRAN PR","","111727","-242.84",
"17/11/2025","","Pagamento de Impostos - DETRAN PR","","111728","-242.84",
"17/11/2025","","Pagamento de Impostos - DETRAN PR","","111729","-161.90",
"17/11/2025","","Pagamento de Impostos - DETRAN PR","","111730","-159.55",
"17/11/2025","","Pagamento de Impostos - DETRAN PR","","111731","-216.40",
"17/11/2025","","Pagamento de Impostos - DETRAN PR","","111732","-324.58",
"17/11/2025","","Pagamento de Impostos - DETRAN PR","","111733","-208.85",
"17/11/2025","","Pagamento de Impostos - DETRAN PR","","111734","-208.85",
"17/11/2025","","Pagamento de Impostos - DETRAN PR","","111735","-207.57",
"17/11/2025","","Pagamento de Impostos - DETRAN PR","","111736","-201.01",
"17/11/2025","","Pagamento de Impostos - DETRAN PR","","111737","-389.87",
"17/11/2025","","Pagamento de Impostos - DETRAN PR","","111738","-257.07",
"17/11/2025","","Pagamento de Impostos - DETRAN PR","","111739","-244.79",
"17/11/2025","","Pagamento de Impostos - DETRAN PR","","111740","-303.74",
"17/11/2025","","Pagamento de Impostos - DETRAN PR","","111741","-326.30",
"17/11/2025","","Pagamento de Impostos - DETRAN PR","","111742","-211.19",
"17/11/2025","","Pagamento de Impostos - DETRAN PR","","111743","-310.90",
"17/11/2025","","Pagamento de Impostos - DETRAN PR","","111744","-199.68",
"17/11/2025","","Pagamento de Impostos - DETRAN PR","","111745","-140.80",
"17/11/2025","","Pagamento de Impostos - DETRAN PR","","111746","-303.74",
"17/11/2025","","Pagamento de Impostos - DETRAN PR","","111747","-134.71",
"17/11/2025","","Pagamento de Impostos - DETRAN PR","","111748","-202.06",
"17/11/2025","","Pagamento de Impostos - DETRAN PR","","111749","-137.89",
"17/11/2025","","Pagamento de Impostos - DETRAN PR","","111750","-206.82",
"17/11/2025","","Pagamento de Impostos - DETRAN PR","","111751","-310.90",
"17/11/2025","","Pagamento de Impostos - DETRAN PR","","111752","-152.89",
"17/11/2025","","Pagamento de Impostos - DETRAN PR","","111753","-225.86",
"17/11/2025","","Pagamento de Impostos - DETRAN PR","","111754","-222.40",
"17/11/2025","","Pagamento de Impostos - DETRAN PR","","111755","-234.23",
"17/11/2025","","Pagamento de Impostos - DETRAN PR","","111756","-232.49",
"17/11/2025","","Pagamento de Impostos - DETRAN PR","","111757","-232.49",
"17/11/2025","","Pagamento de Impostos - DETRAN PR","","111758","-230.87",
"17/11/2025","","Pagamento de Impostos - DETRAN PR","","111759","-159.55",
"17/11/2025","","Pagamento de Impostos - DETRAN PR","","111760","-158.28",
"17/11/2025","","Pagamento de Impostos - DETRAN PR","","111761","-151.71",
"17/11/2025","","Pagamento de Impostos - DETRAN PR","","111762","-213.26",
"17/11/2025","","Pagamento de Impostos - DETRAN PR","","111763","-911.23",
"17/11/2025","","Pagamento de Impostos - DETRAN PR","","111764","-213.26",
"17/11/2025","","Pagamento de Impostos - DETRAN PR","","111765","-144.72",
"17/11/2025","","Pagamento de Impostos - DETRAN PR","","111766","-217.07",
"17/11/2025","","Pagamento de Impostos - DETRAN PR","","111767","-147.25",
"17/11/2025","","Pagamento de Impostos - DETRAN PR","","111768","-230.87",
"17/11/2025","","Pagamento de Impostos - DETRAN PR","","111769","-347.05",
"17/11/2025","","Pagamento de Impostos - DETRAN PR","","111770","-614.29",
"17/11/2025","","Pagamento de Impostos - DETRAN PR","","111771","-307.14",
"17/11/2025","","Pagamento de Impostos - DETRAN PR","","111772","-307.14",
"17/11/2025","","Pagamento de Impostos - DETRAN PR","","111773","-889.22",
"17/11/2025","","Pagamento de Impostos - DETRAN PR","","111774","-197.18",
"17/11/2025","","Pagamento de Impostos - DETRAN PR","","111775","-160.70",
"17/11/2025","","Pagamento de Impostos - DETRAN PR","","111776","-142.18",
"17/11/2025","","Pagamento de Impostos - DETRAN PR","","111777","-987.83",
"17/11/2025","","Pagamento de Impostos - DETRAN PR","","111778","-194.84",
"17/11/2025","","Pagamento de Impostos - DETRAN PR","","111779","-359.73",
"17/11/2025","","Pagamento de Impostos - DETRAN PR","","111780","-334.32",
"17/11/2025","","Pagamento de Impostos - DETRAN PR","","111781","-337.05",
"17/11/2025","","Pagamento de Impostos - DETRAN PR","","111782","-288.90",
"17/11/2025","","Pagamento de Impostos - DETRAN PR","","111783","-208.97",
"17/11/2025","","Pagamento de Impostos - DETRAN PR","","111784","-139.32",
"17/11/2025","","Pagamento de Impostos - DETRAN PR","","111785","-142.18",
"17/11/2025","","Pagamento de Impostos - DETRAN PR","","111786","-143.43",
"17/11/2025","","Pagamento de Impostos - DETRAN PR","","111787","-305.79",
"17/11/2025","","Pagamento de Impostos - DETRAN PR","","111788","-153.92",
"17/11/2025","","Pagamento de Impostos - DETRAN PR","","111789","-153.92",
"17/11/2025","","Pagamento de Impostos - DETRAN PR","","111790","-155.00",
"17/11/2025","","Pagamento de Impostos - DETRAN PR","","111791","-155.00",
"17/11/2025","","Pagamento de Impostos - DETRAN PR","","111792","-155.00",
"17/11/2025","","Pagamento de Impostos - DETRAN PR","","111793","-302.45",
"17/11/2025","","Pagamento de Impostos - DETRAN PR","","111794","-303.34",
"17/11/2025","","Pagamento de Impostos - DETRAN PR","","111795","-311.35",
"17/11/2025","","Pagamento de Impostos - DETRAN PR","","111796","-207.57",
"17/11/2025","","Pagamento de Impostos - DETRAN PR","","111797","-313.26",
"17/11/2025","","Pagamento de Impostos - DETRAN PR","","111798","-472.48",
"17/11/2025","","Pagamento de Impostos - DETRAN PR","","111799","-209.55",
"18/11/2025","","Pix - Recebido - 18/11 14:59 15771608866 RODNER BEGIATO","","181459144794221","11013.60",
"18/11/2025","","Pix - Recebido - 18/11 19:28 15572626830 ROGERIO RAMOS","","181928005287411","1865.10",
"18/11/2025","218-6","Transferência enviada - 18/11 18:14 AUTO S M CARVALHO LTDA","","520218000029520","-30000.00",
"18/11/2025","","Pagamento de Impostos - GOV. PARANA-SEFA - GR-PR","","111800","-14.40",
"18/11/2025","","Pagamento de Impostos - GOV. PARANA-SEFA - GR-PR","","111800","-34.20",
"18/11/2025","","Pagamento de Impostos - GOV. PARANA-SEFA - GR-PR","","111801","-2886.06",
"18/11/2025","","Pagamento de Impostos - GOV. PARANA-SEFA - GR-PR","","111801","-14.40",
"18/11/2025","","Pagamento de Impostos - GOV. PARANA-SEFA - GR-PR","","111801","-40.50",
"18/11/2025","","Pagamento de Impostos - GOV. PARANA-SEFA - GR-PR","","111802","-3290.95",
"18/11/2025","","Pagamento de Impostos - GOV. PARANA-SEFA - GR-PR","","111802","-9.00",
"18/11/2025","","Pagamento de Impostos - GOV. PARANA-SEFA - GR-PR","","111802","-18.00",
"18/11/2025","","Pagamento de Impostos - GOV. PARANA-SEFA - GR-PR","","111803","-3115.29",
"18/11/2025","","Pagamento de Impostos - GOV. PARANA-SEFA - GR-PR","","111803","-18.00",
"18/11/2025","","Pagamento de Impostos - GOV. PARANA-SEFA - GR-PR","","111803","-17.10",
"18/11/2025","","Pagamento de Impostos - GOV. PARANA-SEFA - GR-PR","","111804","-2539.80",
"18/11/2025","","Pagamento de Impostos - GOV. PARANA-SEFA - GR-PR","","111804","-18.00",
"18/11/2025","","Pagamento de Impostos - GOV. PARANA-SEFA - GR-PR","","111804","-31.50",
"18/11/2025","","Pagamento de Impostos - GOV. PARANA-SEFA - GR-PR","","111805","-1804.13",
"18/11/2025","","Pagamento de Impostos - GOV. PARANA-SEFA - GR-PR","","111805","-15.30",
"18/11/2025","","Pagamento de Impostos - GOV. PARANA-SEFA - GR-PR","","111805","-24.30",
"18/11/2025","","Pagamento de Impostos - GOV. PARANA-SEFA - GR-PR","","111806","-1557.65",
"18/11/2025","","Pagamento de Impostos - GOV. PARANA-SEFA - GR-PR","","111806","-25.20",
"18/11/2025","","Pagamento de Impostos - GOV. PARANA-SEFA - GR-PR","","111806","-38.70",
"18/11/2025","","Pagamento de Impostos - GOV. PARANA-SEFA - GR-PR","","111807","-1355.06",
"18/11/2025","","Pagamento de Impostos - GOV. PARANA-SEFA - GR-PR","","111807","-17.10",
"18/11/2025","","Pagamento de Impostos - GOV. PARANA-SEFA - GR-PR","","111807","-38.70",
"18/11/2025","","Pagamento de Impostos - GOV. PARANA-SEFA - GR-PR","","111808","-1020.62",
"18/11/2025","","Pagamento de Impostos - GOV. PARANA-SEFA - GR-PR","","111808","-16.20",
"18/11/2025","","Pagamento de Impostos - GOV. PARANA-SEFA - GR-PR","","111808","-59.40",
"18/11/2025","","Pagamento de Impostos - GOV. PARANA-SEFA - GR-PR","","111809","-1888.72",
"18/11/2025","","Pagamento de Impostos - GOV. PARANA-SEFA - GR-PR","","111809","-18.90",
"18/11/2025","","Pagamento de Impostos - GOV. PARANA-SEFA - GR-PR","","111809","-31.50",
"18/11/2025","","Pagamento de Impostos - GOV. PARANA-SEFA - GR-PR","","111810","-1784.72",
"18/11/2025","","Pagamento de Impostos - GOV. PARANA-SEFA - GR-PR","","111810","-14.40",
"18/11/2025","","Pagamento de Impostos - GOV. PARANA-SEFA - GR-PR","","111810","-21.60",
"18/11/2025","","Pagamento de Impostos - GOV. PARANA-SEFA - GR-PR","","111811","-1950.50",
"18/11/2025","","Pagamento de Impostos - GOV. PARANA-SEFA - GR-PR","","111811","-11.70",
"18/11/2025","","Pagamento de Impostos - GOV. PARANA-SEFA - GR-PR","","111811","-8.10",
"18/11/2025","","Pagamento de Impostos - GOV. PARANA-SEFA - GR-PR","","111812","-488.02",
"18/11/2025","","Pagamento de Impostos - GOV. PARANA-SEFA - GR-PR","","111812","-12.60",
"18/11/2025","","Pagamento de Impostos - GOV. PARANA-SEFA - GR-PR","","111812","-36.90",
"18/11/2025","","Pagamento de Impostos - GOV. PARANA-SEFA - GR-PR","","111813","-2632.65",
"18/11/2025","","Pagamento de Impostos - GOV. PARANA-SEFA - GR-PR","","111813","-9.90",
"18/11/2025","","Pagamento de Impostos - GOV. PARANA-SEFA - GR-PR","","111813","-5.40",
"18/11/2025","","Pagamento de Impostos - GOV. PARANA-SEFA - GR-PR","","111814","-2441.00",
"18/11/2025","","Pagamento de Impostos - GOV. PARANA-SEFA - GR-PR","","111814","-18.00",
"18/11/2025","","Pagamento de Impostos - GOV. PARANA-SEFA - GR-PR","","111814","-36.00",
"18/11/2025","","Pagamento de Impostos - GOV. PARANA-SEFA - GR-PR","","111815","-2901.12",
"18/11/2025","","Pagamento de Impostos - GOV. PARANA-SEFA - GR-PR","","111815","-14.40",
"18/11/2025","","Pagamento de Impostos - GOV. PARANA-SEFA - GR-PR","","111815","-27.00",
"18/11/2025","","Pagamento de Impostos - GOV. PARANA-SEFA - GR-PR","","111816","-2774.61",
"18/11/2025","","Pagamento de Impostos - GOV. PARANA-SEFA - GR-PR","","111816","-35.10",
"18/11/2025","","Pagamento de Impostos - GOV. PARANA-SEFA - GR-PR","","111816","-45.90",
"18/11/2025","","Pagamento de Impostos - GOV. PARANA-SEFA - GR-PR","","111817","-2593.35",
"18/11/2025","","Pagamento de Impostos - GOV. PARANA-SEFA - GR-PR","","111817","-17.10",
"18/11/2025","","Pagamento de Impostos - GOV. PARANA-SEFA - GR-PR","","111817","-58.50",
"18/11/2025","","Pagamento de Impostos - GOV. PARANA-SEFA - GR-PR","","111818","-2636.66",
"18/11/2025","","Pagamento de Impostos - GOV. PARANA-SEFA - GR-PR","","111818","-9.90",
"18/11/2025","","Pagamento de Impostos - GOV. PARANA-SEFA - GR-PR","","111818","-19.80",
"18/11/2025","","Pagamento de Impostos - GOV. PARANA-SEFA - GR-PR","","111819","-2658.53",
"18/11/2025","","Pagamento de Impostos - GOV. PARANA-SEFA - GR-PR","","111819","-10.80",
"18/11/2025","","Pagamento de Impostos - GOV. PARANA-SEFA - GR-PR","","111819","-27.00",
"18/11/2025","","Pagamento de Impostos - GOV. PARANA-SEFA - GR-PR","","111820","-2225.91",
"18/11/2025","","Pagamento de Impostos - GOV. PARANA-SEFA - GR-PR","","111820","-13.50",
"18/11/2025","","Pagamento de Impostos - GOV. PARANA-SEFA - GR-PR","","111820","-106.20",
"18/11/2025","","Pagamento de Impostos - GOV. PARANA-SEFA - GR-PR","","111821","-549.57",
"18/11/2025","","Pagamento de Impostos - GOV. PARANA-SEFA - GR-PR","","111821","-14.40",
"18/11/2025","","Pagamento de Impostos - GOV. PARANA-SEFA - GR-PR","","111821","-16.20",
"18/11/2025","","Pagamento de Impostos - GOV. PARANA-SEFA - GR-PR","","111822","-709.08",
"18/11/2025","","Pagamento de Impostos - GOV. PARANA-SEFA - GR-PR","","111822","-35.10",
"18/11/2025","","Pagamento de Impostos - GOV. PARANA-SEFA - GR-PR","","111822","-17.10",
"18/11/2025","","Pagamento de Impostos - GOV. PARANA-SEFA - GR-PR","","111823","-701.25",
"18/11/2025","","Pagamento de Impostos - GOV. PARANA-SEFA - GR-PR","","111823","-26.10",
"18/11/2025","","Pagamento de Impostos - GOV. PARANA-SEFA - GR-PR","","111823","-21.60",
"18/11/2025","","Pagamento de Impostos - GOV. PARANA-SEFA - GR-PR","","111824","-237.53",
"18/11/2025","","Pagamento de Impostos - GOV. PARANA-SEFA - GR-PR","","111824","-11.70",
"18/11/2025","","Pagamento de Impostos - GOV. PARANA-SEFA - GR-PR","","111824","-15.30",
"18/11/2025","","Pagamento de Impostos - GOV. PARANA-SEFA - GR-PR","","111825","-647.72",
"18/11/2025","","Pagamento de Impostos - GOV. PARANA-SEFA - GR-PR","","111825","-17.10",
"18/11/2025","","Pagamento de Impostos - GOV. PARANA-SEFA - GR-PR","","111825","-14.40",
"18/11/2025","","Pagamento de Impostos - GOV. PARANA-SEFA - GR-PR","","111826","-701.25",
"18/11/2025","","Pagamento de Impostos - GOV. PARANA-SEFA - GR-PR","","111826","-27.90",
"18/11/2025","","Pagamento de Impostos - GOV. PARANA-SEFA - GR-PR","","111826","-19.80",
"18/11/2025","","Pagamento de Impostos - GOV. PARANA-SEFA - GR-PR","","111827","-556.57",
"18/11/2025","","Pagamento de Impostos - GOV. PARANA-SEFA - GR-PR","","111827","-14.40",
"18/11/2025","","Pagamento de Impostos - GOV. PARANA-SEFA - GR-PR","","111827","-35.10",
"18/11/2025","","Pagamento de Impostos - GOV. PARANA-SEFA - GR-PR","","111828","-93.60",
"18/11/2025","","Pagamento de Impostos - GOV. PARANA-SEFA - GR-PR","","111828","-13.50",
"18/11/2025","","Pagamento de Impostos - GOV. PARANA-SEFA - GR-PR","","111828","-55.80",
"18/11/2025","","Pagamento de Impostos - GOV. PARANA-SEFA - GR-PR","","111829","-15.30",
"18/11/2025","","Pagamento de Impostos - GOV. PARANA-SEFA - GR-PR","","111829","-39.60",
"18/11/2025","","Pagamento de Impostos - GOV. PARANA-SEFA - GR-PR","","111829","-38.70",
"18/11/2025","","Pagamento de Impostos - GOV. PARANA-SEFA - GR-PR","","111830","-11.70",
"18/11/2025","","Pagamento de Impostos - GOV. PARANA-SEFA - GR-PR","","111830","-13.50",
"18/11/2025","","Pagamento de Impostos - GOV. PARANA-SEFA - GR-PR","","111830","-30.60",
"18/11/2025","","Pagamento de Impostos - GOV. PARANA-SEFA - GR-PR","","111831","-15.30",
"18/11/2025","","Pagamento de Impostos - GOV. PARANA-SEFA - GR-PR","","111831","-12.60",
"18/11/2025","","Pagamento de Impostos - GOV. PARANA-SEFA - GR-PR","","111831","-26.10",
"18/11/2025","","Pagamento de Impostos - GOV. PARANA-SEFA - GR-PR","","111832","-8.10",
"18/11/2025","","Pagamento de Impostos - GOV. PARANA-SEFA - GR-PR","","111832","-18.00",
"18/11/2025","","Pagamento de Impostos - GOV. PARANA-SEFA - GR-PR","","111832","-31.50",
"18/11/2025","","Pagamento de Impostos - GOV. PARANA-SEFA - GR-PR","","111833","-9.00",
"18/11/2025","","Pagamento de Impostos - GOV. PARANA-SEFA - GR-PR","","111833","-25.20",
"18/11/2025","","Pagamento de Impostos - GOV. PARANA-SEFA - GR-PR","","111833","-3.60",
"18/11/2025","","Pagamento de Impostos - GOV. PARANA-SEFA - GR-PR","","111834","-9.90",
"18/11/2025","","Pagamento de Impostos - GOV. PARANA-SEFA - GR-PR","","111834","-19.80",
"18/11/2025","","Pagamento de Impostos - GOV. PARANA-SEFA - GR-PR","","111834","-72.00",
"18/11/2025","","Pagamento de Impostos - GOV. PARANA-SEFA - GR-PR","","111835","-9.00",
"18/11/2025","","Pagamento de Impostos - GOV. PARANA-SEFA - GR-PR","","111835","-9.90",
"18/11/2025","","Pagamento de Impostos - GOV. PARANA-SEFA - GR-PR","","111835","-45.90",
"18/11/2025","","Pagamento de Impostos - GOV. PARANA-SEFA - GR-PR","","111836","-11.70",
"18/11/2025","","Pagamento de Impostos - GOV. PARANA-SEFA - GR-PR","","111836","-36.00",
"18/11/2025","","Pagamento de Impostos - GOV. PARANA-SEFA - GR-PR","","111836","-40.50",
"18/11/2025","","Pagamento de Impostos - GOV. PARANA-SEFA - GR-PR","","111837","-8.10",
"18/11/2025","","Pagamento de Impostos - GOV. PARANA-SEFA - GR-PR","","111837","-13.50",
"18/11/2025","","Pagamento de Impostos - GOV. PARANA-SEFA - GR-PR","","111837","-37.80",
"18/11/2025","","Pagamento de Impostos - GOV. PARANA-SEFA - GR-PR","","111838","-12.60",
"18/11/2025","","Pagamento de Impostos - GOV. PARANA-SEFA - GR-PR","","111838","-21.60",
"18/11/2025","","Pagamento de Impostos - GOV. PARANA-SEFA - GR-PR","","111838","-148.50",
"18/11/2025","","Pagamento de Impostos - GOV. PARANA-SEFA - GR-PR","","111839","-12.60",
"18/11/2025","","Pagamento de Impostos - GOV. PARANA-SEFA - GR-PR","","111839","-34.20",
"18/11/2025","","Pagamento de Impostos - GOV. PARANA-SEFA - GR-PR","","111839","-2159.26",
"18/11/2025","","Pagamento de Impostos - GOV. PARANA-SEFA - GR-PR","","111840","-8.10",
"18/11/2025","","Pagamento de Impostos - GOV. PARANA-SEFA - GR-PR","","111840","-20.70",
"18/11/2025","","Pagamento de Impostos - GOV. PARANA-SEFA - GR-PR","","111840","-2203.45",
"18/11/2025","","Pagamento de Impostos - GOV. PARANA-SEFA - GR-PR","","111841","-7.20",
"18/11/2025","","Pagamento de Impostos - GOV. PARANA-SEFA - GR-PR","","111841","-17.10",
"18/11/2025","","Pagamento de Impostos - GOV. PARANA-SEFA - GR-PR","","111842","-26.10",
"18/11/2025","","Pagamento de Impostos - GOV. PARANA-SEFA - GR-PR","","111842","-21.60",
"18/11/2025","","Pagamento de Impostos - GOV. PARANA-SEFA - GR-PR","","111843","-5.40",
"18/11/2025","","Pagamento de Impostos - GOV. PARANA-SEFA - GR-PR","","111843","-13.50",
"18/11/2025","","Pagamento de Impostos - GOV. PARANA-SEFA - GR-PR","","111844","-9.90",
"18/11/2025","","Pagamento de Impostos - GOV. PARANA-SEFA - GR-PR","","111844","-18.00",
"18/11/2025","","Pagamento de Impostos - GOV. PARANA-SEFA - GR-PR","","111845","-10.80",
"18/11/2025","","Pagamento de Impostos - GOV. PARANA-SEFA - GR-PR","","111845","-14.40",
"18/11/2025","","Pagamento de Impostos - GOV. PARANA-SEFA - GR-PR","","111846","-7.20",
"18/11/2025","","Pagamento de Impostos - GOV. PARANA-SEFA - GR-PR","","111846","-13.50",
"18/11/2025","","Pagamento de Impostos - GOV. PARANA-SEFA - GR-PR","","111847","-11.70",
"18/11/2025","","Pagamento de Impostos - GOV. PARANA-SEFA - GR-PR","","111847","-26.10",
"18/11/2025","","Pagamento de Impostos - GOV. PARANA-SEFA - GR-PR","","111848","-8.10",
"18/11/2025","","Pagamento de Impostos - GOV. PARANA-SEFA - GR-PR","","111848","-15.30",
"18/11/2025","","Pagamento de Impostos - GOV. PARANA-SEFA - GR-PR","","111849","-20.70",
"18/11/2025","","Pagamento de Impostos - GOV. PARANA-SEFA - GR-PR","","111849","-14.40",
"18/11/2025","","Pagamento de Impostos - GOV. PARANA-SEFA - GR-PR","","111850","-16.20",
"18/11/2025","","Pagamento de Impostos - GOV. PARANA-SEFA - GR-PR","","111850","-20.70",
"18/11/2025","","Pagamento de Impostos - GOV. PARANA-SEFA - GR-PR","","111851","-49.50",
"18/11/2025","","Pagamento de Impostos - GOV. PARANA-SEFA - GR-PR","","111851","-13.50",
"18/11/2025","","Pagamento de Impostos - GOV. PARANA-SEFA - GR-PR","","111852","-7.20",
"18/11/2025","","Pagamento de Impostos - GOV. PARANA-SEFA - GR-PR","","111852","-14.40",
"18/11/2025","","Pagamento de Impostos - GOV. PARANA-SEFA - GR-PR","","111853","-4.50",
"18/11/2025","","Pagamento de Impostos - GOV. PARANA-SEFA - GR-PR","","111853","-17.10",
"18/11/2025","","Pagamento de Impostos - GOV. PARANA-SEFA - GR-PR","","111854","-10.80",
"18/11/2025","","Pagamento de Impostos - GOV. PARANA-SEFA - GR-PR","","111854","-19.80",
"18/11/2025","","Pagamento de Impostos - GOV. PARANA-SEFA - GR-PR","","111855","-14.40",
"18/11/2025","","Pagamento de Impostos - GOV. PARANA-SEFA - GR-PR","","111855","-32.40",
"18/11/2025","","Pagamento de Impostos - GOV. PARANA-SEFA - GR-PR","","111856","-8.10",
"18/11/2025","","Pagamento de Impostos - GOV. PARANA-SEFA - GR-PR","","111856","-32.40",
"18/11/2025","","Pagamento de Impostos - GOV. PARANA-SEFA - GR-PR","","111857","-11.70",
"18/11/2025","","Pagamento de Impostos - GOV. PARANA-SEFA - GR-PR","","111857","-60.30",
"18/11/2025","","Pagamento de Impostos - GOV. PARANA-SEFA - GR-PR","","111858","-9.90",
"18/11/2025","","Pagamento de Impostos - GOV. PARANA-SEFA - GR-PR","","111858","-48.60",
"18/11/2025","","Pagamento de Impostos - GOV. PARANA-SEFA - GR-PR","","111859","-26.10",
"18/11/2025","","Pagamento de Impostos - GOV. PARANA-SEFA - GR-PR","","111859","-24.30",
"18/11/2025","","Pagamento de Impostos - GOV. PARANA-SEFA - GR-PR","","111860","-21.60",
"18/11/2025","","Pagamento de Impostos - GOV. PARANA-SEFA - GR-PR","","111860","-36.00",
"18/11/2025","","Pagamento de Impostos - GOV. PARANA-SEFA - GR-PR","","111861","-13.50",
"18/11/2025","","Pagamento de Impostos - GOV. PARANA-SEFA - GR-PR","","111861","-25.20",
"18/11/2025","","Pagamento de Impostos - GOV. PARANA-SEFA - GR-PR","","111862","-21.60",
"18/11/2025","","Pagamento de Impostos - GOV. PARANA-SEFA - GR-PR","","111862","-21.60",
"18/11/2025","","Pagamento de Impostos - GOV. PARANA-SEFA - GR-PR","","111863","-8.10",
"18/11/2025","","Pagamento de Impostos - GOV. PARANA-SEFA - GR-PR","","111863","-8.10",
"18/11/2025","","Pagamento de Impostos - GOV. PARANA-SEFA - GR-PR","","111864","-6.30",
"18/11/2025","","Pagamento de Impostos - GOV. PARANA-SEFA - GR-PR","","111864","-11.70",
"18/11/2025","","Pagamento de Impostos - GOV. PARANA-SEFA - GR-PR","","111865","-17.10",
"18/11/2025","","Pagamento de Impostos - GOV. PARANA-SEFA - GR-PR","","111865","-30.60",
"18/11/2025","","Pagamento de Impostos - GOV. PARANA-SEFA - GR-PR","","111866","-8.10",
"18/11/2025","","Pagamento de Impostos - GOV. PARANA-SEFA - GR-PR","","111866","-14.40",
"18/11/2025","","Pagamento de Impostos - GOV. PARANA-SEFA - GR-PR","","111867","-8.10",
"18/11/2025","","Pagamento de Impostos - GOV. PARANA-SEFA - GR-PR","","111867","-24.30",
"18/11/2025","","Pagamento de Impostos - GOV. PARANA-SEFA - GR-PR","","111868","-9.00",
"18/11/2025","","Pagamento de Impostos - GOV. PARANA-SEFA - GR-PR","","111868","-17.10",
"18/11/2025","","Pagamento de Impostos - GOV. PARANA-SEFA - GR-PR","","111869","-10.80",
"18/11/2025","","Pagamento de Impostos - GOV. PARANA-SEFA - GR-PR","","111869","-35.10",
"18/11/2025","","Pagamento de Impostos - GOV. PARANA-SEFA - GR-PR","","111870","-31.50",
"18/11/2025","","Pagamento de Impostos - GOV. PARANA-SEFA - GR-PR","","111870","-13.50",
"18/11/2025","","Pagamento de Impostos - GOV. PARANA-SEFA - GR-PR","","111871","-9.90",
"18/11/2025","","Pagamento de Impostos - GOV. PARANA-SEFA - GR-PR","","111871","-12.60",
"18/11/2025","","Pagamento de Impostos - GOV. PARANA-SEFA - GR-PR","","111872","-10.80",
"18/11/2025","","Pagamento de Impostos - GOV. PARANA-SEFA - GR-PR","","111872","-12.60",
"18/11/2025","","Pagamento de Impostos - GOV. PARANA-SEFA - GR-PR","","111873","-13.50",
"18/11/2025","","Pagamento de Impostos - GOV. PARANA-SEFA - GR-PR","","111873","-18.00",
"18/11/2025","","Pagamento de Impostos - GOV. PARANA-SEFA - GR-PR","","111874","-13.50",
"18/11/2025","","Pagamento de Impostos - GOV. PARANA-SEFA - GR-PR","","111874","-17.10",
"18/11/2025","","Pagamento de Impostos - GOV. PARANA-SEFA - GR-PR","","111875","-10.80",
"18/11/2025","","Pagamento de Impostos - GOV. PARANA-SEFA - GR-PR","","111875","-17.10",
"18/11/2025","","Pagamento de Impostos - GOV. PARANA-SEFA - GR-PR","","111876","-14.40",
"18/11/2025","","Pagamento de Impostos - GOV. PARANA-SEFA - GR-PR","","111876","-18.90",
"18/11/2025","","Pagamento de Impostos - GOV. PARANA-SEFA - GR-PR","","111877","-9.00",
"18/11/2025","","Pagamento de Impostos - GOV. PARANA-SEFA - GR-PR","","111877","-18.00",
"18/11/2025","","Pagamento de Impostos - GOV. PARANA-SEFA - GR-PR","","111878","-13.50",
"18/11/2025","","Pagamento de Impostos - GOV. PARANA-SEFA - GR-PR","","111878","-14.40",
"18/11/2025","","Pagamento de Impostos - GOV. PARANA-SEFA - GR-PR","","111879","-39.60",
"18/11/2025","","Pagamento de Impostos - GOV. PARANA-SEFA - GR-PR","","111879","-15.30",
"18/11/2025","","Pagamento de Impostos - GOV. PARANA-SEFA - GR-PR","","111880","-9.90",
"18/11/2025","","Pagamento de Impostos - GOV. PARANA-SEFA - GR-PR","","111880","-10.80",
"18/11/2025","","Pagamento de Impostos - GOV. PARANA-SEFA - GR-PR","","111881","-13.50",
"18/11/2025","","Pagamento de Impostos - GOV. PARANA-SEFA - GR-PR","","111881","-9.90",
"18/11/2025","","Pagamento de Impostos - GOV. PARANA-SEFA - GR-PR","","111882","-12.60",
"18/11/2025","","Pagamento de Impostos - GOV. PARANA-SEFA - GR-PR","","111882","-43.20",
"18/11/2025","","Pagamento de Impostos - GOV. PARANA-SEFA - GR-PR","","111883","-9.90",
"18/11/2025","","Pagamento de Impostos - GOV. PARANA-SEFA - GR-PR","","111883","-6.30",
"18/11/2025","","Pagamento de Impostos - GOV. PARANA-SEFA - GR-PR","","111884","-9.00",
"18/11/2025","","Pagamento de Impostos - GOV. PARANA-SEFA - GR-PR","","111884","-20.70",
"18/11/2025","","Pagamento de Impostos - GOV. PARANA-SEFA - GR-PR","","111885","-9.00",
"18/11/2025","","Pagamento de Impostos - GOV. PARANA-SEFA - GR-PR","","111885","-47.70",
"18/11/2025","","Pagamento de Impostos - GOV. PARANA-SEFA - GR-PR","","111886","-37.80",
"18/11/2025","","Pagamento de Impostos - GOV. PARANA-SEFA - GR-PR","","111886","-18.00",
"18/11/2025","","Pagamento de Impostos - GOV. PARANA-SEFA - GR-PR","","111887","-17.10",
"18/11/2025","","Pagamento de Impostos - GOV. PARANA-SEFA - GR-PR","","111887","-2.70",
"18/11/2025","","Pagamento de Impostos - GOV. PARANA-SEFA - GR-PR","","111888","-8.10",
"18/11/2025","","Pagamento de Impostos - GOV. PARANA-SEFA - GR-PR","","111888","-51.30",
"18/11/2025","","Pagamento de Impostos - GOV. PARANA-SEFA - GR-PR","","111889","-18.00",
"18/11/2025","","Pagamento de Impostos - GOV. PARANA-SEFA - GR-PR","","111889","-23.40",
"18/11/2025","","Pagamento de Impostos - GOV. PARANA-SEFA - GR-PR","","111890","-18.90",
"18/11/2025","","Pagamento de Impostos - GOV. PARANA-SEFA - GR-PR","","111890","-39.60",
"18/11/2025","","Pagamento de Impostos - GOV. PARANA-SEFA - GR-PR","","111891","-25.20",
"18/11/2025","","Pagamento de Impostos - GOV. PARANA-SEFA - GR-PR","","111891","-37.80",
"18/11/2025","","Pagamento de Impostos - GOV. PARANA-SEFA - GR-PR","","111892","-26.10",
"18/11/2025","","Pagamento de Impostos - GOV. PARANA-SEFA - GR-PR","","111892","-22.50",
"18/11/2025","","Pagamento de Impostos - GOV. PARANA-SEFA - GR-PR","","111893","-17.10",
"18/11/2025","","Pagamento de Impostos - GOV. PARANA-SEFA - GR-PR","","111893","-25.20",
"18/11/2025","","Pagamento de Impostos - GOV. PARANA-SEFA - GR-PR","","111894","-18.90",
"18/11/2025","","Pagamento de Impostos - GOV. PARANA-SEFA - GR-PR","","111894","-68.40",
"18/11/2025","","Pagamento de Impostos - GOV. PARANA-SEFA - GR-PR","","111895","-18.90",
"18/11/2025","","Pagamento de Impostos - GOV. PARANA-SEFA - GR-PR","","111895","-32.40",
"18/11/2025","","Pagamento de Impostos - GOV. PARANA-SEFA - GR-PR","","111896","-12.60",
"18/11/2025","","Pagamento de Impostos - GOV. PARANA-SEFA - GR-PR","","111896","-23.40",
"18/11/2025","","Pagamento de Impostos - GOV. PARANA-SEFA - GR-PR","","111897","-11.70",
"18/11/2025","","Pagamento de Impostos - GOV. PARANA-SEFA - GR-PR","","111897","-30.60",
"18/11/2025","","Pagamento de Impostos - GOV. PARANA-SEFA - GR-PR","","111898","-9.00",
"18/11/2025","","Pagamento de Impostos - GOV. PARANA-SEFA - GR-PR","","111898","-50.40",
"18/11/2025","","Pagamento de Impostos - GOV. PARANA-SEFA - GR-PR","","111899","-10.80",
"18/11/2025","","Pagamento de Impostos - GOV. PARANA-SEFA - GR-PR","","111899","-9.00",
"18/11/2025","","Resgate BB CDB DI - BB CDB DI","","98","38500.00",
"19/11/2025","2748-0","Dep dinheiro inter ag - 2748-00-UBATUBA-UBATUBA,SP","","27481418000094","5225.10",
"19/11/2025","","Resgate BB CDB DI","18/11/2025","1010063675719","26.95",
"19/11/2025","","Pix - Recebido - 19/11 11:49 41864674000111 AL COMERCIO","","191149006774171","1025.10",
"19/11/2025","","Pix - Recebido - 19/11 12:19 00021278722823 SEBASTIAO O","","191219086665972","1210.00",
"19/11/2025","","Pix - Recebido - 19/11 18:26 00010437869962 LEONARDO AN","","191826163938222","12500.00",
"19/11/2025","","Pix - Recebido - 19/11 19:36 00035148375892 ROGERIO ROD","","191936317476472","3020.10",
"21/11/2025","","Pix - Recebido - 20/11 17:05 30341926000101 CADU AUTO P","","201705362523881","3415.20",
"21/11/2025","","Pix - Recebido - 21/11 10:49 09010234000194 CESAR RAFAE","","211049571913031","38985.30",
"21/11/2025","","Pix - Recebido - 21/11 13:09 17106732818 PAULO CORREA D","","211309554582801","4805.10",
"24/11/2025","","Pix - Recebido - 24/11 13:19 13611838000163 E.A. DA SIL","","241319561131372","39800.00",
"25/11/2025","1844-9","Transferência recebida - 25/11 17:09 EDEVAL PEREIRA DE SOUZA","","601844000017564","5000.00",
"25/11/2025","","Pix - Recebido - 25/11 13:02 00037847141884 ELISON ROSS","","251302247327082","1800.00",
"25/11/2025","","Pix - Recebido - 25/11 16:01 00041321532822 FERNANDO BR","","251601009307652","2050.20",
"25/11/2025","","Pix - Recebido - 25/11 17:01 13611838000163 E.A. DA SIL","","251701274333691","4000.00",
"25/11/2025","","Pix - Enviado - 25/11 10:33 MAYCON RODRIGO DA SILVA","","112501","-162.00",
"25/11/2025","","Pix - Enviado - 25/11 10:35 S. O. S. AUTO PECAS","","112502","-4293.00",
"25/11/2025","","Pix - Enviado - 25/11 10:36 Jarina Muniz Nascimento","","112503","-89.10",
"25/11/2025","","Pix - Enviado - 25/11 10:44 ANA JULIA DE BIAGI CASCAL","","112504","-453.60",
"26/11/2025","218-6","Transferência recebida - 26/11 17:19 LAZARO FERNANDO CARVALHO","","520218000029063","17000.00",
"26/11/2025","","Pix - Recebido - 26/11 08:48 00073889911900 EDEVAL PERE","","260848017291022","7531.00",
"26/11/2025","","Pix - Recebido - 26/11 16:17 21278722823 SEBASTIAO ONOF","","261617588469291","0.20",
"26/11/2025","","Pix - Recebido - 26/11 17:07 51372423000173 GUARULHOS C","","261707399637071","1203.75",
"26/11/2025","","Pix - Recebido - 26/11 17:07 51372423000173 GUARULHOS C","","261707402679752","31664.10",
"26/11/2025","","Pix - Enviado - 26/11 17:04 LAZARO FERNANDO DE CARVAL","","112601","-17000.00",
"26/11/2025","","Pix - Enviado - 26/11 17:16 LAZARO FERNANDO DE CARVAL","","112602","-17000.00",
"27/11/2025","218-6","Transferência enviada - 27/11 16:25 LAZARO FERNANDO CARVALHO","","520218000029063","-13350.00",
"28/11/2025","218-6","Transferência enviada - 28/11 10:10 LAZARO FERNANDO CARVALHO","","520218000029063","-12000.00",
"28/11/2025","218-6","Transferência enviada - 28/11 16:09 LAZARO FERNANDO CARVALHO","","520218000029063","-2150.00",
"28/11/2025","","Pix - Enviado - 28/11 14:45 VANDERLEI CAMPANHARO","","112801","-15917.80",
"28/11/2025","","Pix - Enviado - 28/11 14:47 GRUPO CARVALHO","","112802","-3668.14",
"28/11/2025","","TRANSF.RECURSO E I - Cobrança referente 28/11/2025","","873321100116129","-2.60",
"28/11/2025","","TRANSF.RECURSO E I - Cobrança referente 28/11/2025","","873321100116130","-2.60",
"30/11/2025","","S A L D O","","0","94531.06",
